Latitude,Longitude,Total power,Number of turbines
52.846631,-6.7572609,130.0,1.0
52.5356808,-6.2388376,32000.0,16.0
52.18,-6.36,3400.0,4.0
52.1556209,-9.2318445,4600.0,2.0
53.3986397,-6.161639,250.0,
51.9534405,-8.914002,25300.0,11.0
52.0700692,-8.9009898,23000.0,10.0
51.8434938,-8.1581198,1600.0,2.0
54.1391686,-8.9573222,32200.0,14.0
53.9240864,-9.3526998,2700.0,3.0
,,800.0,1.0
52.6575421,-6.7287975,5200.0,4.0
54.1418676,-7.6461993,3000.0,2.0
53.9449402,-6.9381143,10500.0,7.0
53.2093527,-7.252153,14000.0,7.0
52.7836349,-9.2438791,19450.0,13.0
51.6787572,-9.1183609,4620.0,7.0
51.6923478,-9.208849,5940.0,9.0
52.0086459,-9.122865,9350.0,11.0
51.6504482,-9.0945568,6000.0,4.0
54.6976337,-7.9377733,12500.0,25.0
55.0656453,-8.22107,3000.0,5.0
55.2011979,-7.443848,5280.0,8.0
55.1420813,-7.273104,5000.0,10.0
54.8851524,-7.8793047,15000.0,25.0
55.0652212,-8.2156954,1980.0,3.0
54.867918,-7.8939079,11880.0,18.0
54.7553801,-8.1689815,1980.0,3.0
54.6621394,-7.9455717,3400.0,4.0
54.9800229,-8.4410575,660.0,1.0
54.8489765,-7.8279457,2550.0,3.0
54.8489765,-7.8279457,2550.0,3.0
52.3909735,-7.1095911,6900.0,3.0
54.8868683,-7.8792511,52900.0,23.0
53.2650001,-9.3716139,3300.0,5.0
53.0685636,-9.6013089,675.0,3.0
53.2650001,-9.3716139,660.0,1.0
53.130906,-8.6404377,7650.0,9.0
53.0946149,-8.6103952,59500.0,70.0
52.3320598,-9.5633394,3960.0,6.0
52.3144684291582,-9.59958915332026,15180.0,23.0
52.5635988,-9.6329192,1750.0,1.0
52.5635988,-9.6329192,2550.0,3.0
52.3090636236679,-9.58641414263911,6800.0,8.0
52.2427952,-9.3252083,5100.0,6.0
54.0761267,-8.1436604,4800.0,8.0
54.0921418,-8.1197188,1200.0,2.0
54.1452698,-8.1989006,3400.0,4.0
54.1452698,-8.1989006,6800.0,8.0
54.15,-8.14,4250.0,5.0
53.9835364,-6.3935915,850.0,1.0
54.1402242,-9.5328615,6000.0,20.0
53.9002468,-9.3575172,18700.0,22.0
53.8487951,-9.0749885,3400.0,4.0
54.0761021,-8.1437025,5000.0,10.0
53.9469284,-8.5625213,5940.0,9.0
54.1234318,-8.1476222,7650.0,9.0
54.1990952,-8.7988177,25000.0,10.0
52.6494437,-8.1407115,850.0,1.0
52.7976338,-8.1059081,2550.0,3.0
52.789,-5.949,25200.0,7.0
52.7826984,-6.554839,2550.0,3.0
52.8197393,-7.9525459,2550.0,3.0
54.1418016,-8.2694635,5100.0,6.0
55.1989955,-7.4405497,14000.0,8.0
54.1343765,-8.2318122,3400.0,4.0
54.2466245,-9.0728454,6000.0,3.0
54.6609841,-8.4578802,2700.0,3.0
52.3640915,-9.5396722,13800.0,6.0
55.1162077,-7.6161961,5400.0,6.0
51.932646,-9.3253575,45000.0,15.0
51.9285423,-9.3208583,18000.0,6.0
52.2427952,-9.3252083,1700.0,2.0
52.3640915,-9.5396722,40000.0,20.0
53.0211614,-7.9840842,4250.0,5.0
53.9984091,-7.1129074,48000.0,32.0
52.2150697,-6.591826,27000.0,18.0
52.3844022,-9.1487913,17100.0,13.0
52.3844022,-9.1487913,7500.0,5.0
52.3433158,-9.2129974,22500.0,9.0
52.2551475,-9.133086,25300.0,11.0
53.9240864,-9.3526998,1800.0,2.0
52.0115788,-9.1361814,41400.0,18.0
51.8089047,-9.3223755,8500.0,10.0
51.70616,-8.9951138,850.0,1.0
51.6518491,-9.2136808,4250.0,5.0
55.1294778,-7.363644,32000.0,16.0
53.7886209,-6.5335308,1700.0,2.0
51.6318885,-9.3757524,20700.0,9.0
53.0318353,-7.978672,2550.0,3.0
54.8223731,-8.3919093,7650.0,9.0
52.7776744,-6.5578741,4600.0,2.0
54.0773599,-6.9104737,7500.0,5.0
52.830432,-8.012978,2550.0,3.0
52.2733954,-7.3442208,1700.0,2.0
54.1399774,-7.6140816,13500.0,9.0
52.3983177,-7.0519246,4000.0,5.0
53.7739719,-8.9737398,2400.0,3.0
52.7807833,-6.5462045,1700.0,1.0
55.1294778,-7.363644,6900.0,3.0
53.9093706,-9.3488753,8000.0,10.0
52.0115788,-9.1361814,18400.0,8.0
52.7807833,-6.5462045,1700.0,1.0
51.932646,-9.3253575,8500.0,10.0
51.9339304,-9.3495214,32500.0,13.0
55.1246288,-7.2734064,600.0,
55.1246288,-7.2734064,2300.0,1.0
55.1246288,-7.2734064,1400.0,1.0
54.0018407,-7.123921,25500.0,17.0
52.0007849,-9.1177675,9200.0,4.0
54.6930489,-8.4895673,13800.0,6.0
52.290362,-9.538321,14800.0,15.0
51.6318885,-9.3757524,9200.0,4.0
54.0018407,-7.123921,3000.0,2.0
53.991,-7.36,23000.0,
51.836,-9.039,18000.0,5.0
52.214,-8.998,15000.0,
54.8,-7.779,91000.0,
54.1464768,-9.5528948,99510.0,31.0
54.0927198,-8.9916439,27600.0,12.0
53.766,-8.902,43000.0,
53.2249,-7.883,37800.0,
53.2645,-7.098,75000.0,21.0
53.3754212,-7.2421869,104400.0,29.0
51.9890377,-9.1582378,4600.0,2.0
54.2827382,-8.4699384,14000.0,4.0
55.2011979,-7.443848,10200.0,12.0
52.7776744,-6.5578741,4600.0,2.0
53.7911256,-6.528743,1800.0,2.0
52.0457273,-8.9062876,57000.0,19.0
54.668217,-8.583261,2700.0,3.0
53.8526743,-9.0707532,1700.0,2.0
51.6251156,-9.0368989,4000.0,5.0
52.3104604,-9.5962991,4500.0,5.0
51.836,-9.039,36300.0,11.0
53.3579942,-9.3692912,108000.0,36.0
52.5896389,-6.6395938,20700.0,9.0
52.8159416,-7.0675199,20000.0,8.0
52.6418504,-8.0606787,22500.0,9.0
52.6418504,-8.0606787,10000.0,4.0
52.5215995,-9.1043709,15000.0,6.0
54.1194,-9.5794,18000.0,5.0
54.8960541,-7.8577487,30000.0,7.0
55.0645819,-8.2190867,18000.0,
54.675,-8.13,91200.0,
51.866,-8.39,23200.0,
52.3433158,-9.2129974,7500.0,3.0
54.0970284,-8.1923517,32000.0,10.0
53.3476697,-9.315187,115000.0,25.0
52.7539387,-7.6854873,28800.0,8.0
52.442476,-9.2190111,28500.0,19.0
52.7623937,-7.7048246,36000.0,18.0
54.8868683,-7.8792511,14000.0,7.0
54.3363932,-8.2793742,7650.0,4.0
52.6572274,-8.1405225,42500.0,17.0
52.7789035,-8.1475777,4600.0,2.0
52.3987574,-9.1270298,12500.0,5.0
52.5410078,-9.0711386,4600.0,2.0
52.3627282,-8.415827,2300.0,1.0
52.658296,-8.2088826,6000.0,4.0
52.6235098,-6.5428496,3600.0,2.0
52.7976338,-8.1059081,2550.0,3.0
52.4433812,-9.29272,13750.0,5.0
52.5356808,-6.2388376,10000.0,5.0
52.5896389,-6.6395938,2000.0,1.0
52.5896389,-6.6395938,2300.0,1.0
54.148574,-8.1982641,26000.0,13.0
52.5896389,-6.6395938,16100.0,7.0
52.3297032,-9.0563095,12000.0,6.0
54.1082156,-8.121418,4600.0,2.0
53.5668675,-8.1845018,4600.0,2.0
52.3364322,-9.4416215,48000.0,16.0
52.6330992,-9.7253303,4600.0,2.0
51.8172168,-8.9381927,9200.0,4.0
54.705803,-8.2748146,10800.0,3.0
55.1387591,-7.2702691,9200.0,4.0
55.1333333,-7.3833333,4000.0,2.0
54.7145892,-8.3589159,10000.0,5.0
54.7553801,-8.1689815,500.0,
55.1333333,-7.3833333,400.0,
54.8437383,-7.8166406,3200.0,4.0
54.1402242,-9.5328615,450.0,1.0
54.15,-8.14,290.0,
54.2280237,-8.1255086,9200.0,4.0
54.0018407,-7.123921,6000.0,4.0
54.2145362,-8.8561563,11050.0,13.0
52.3104604,-9.5962991,8800.0,11.0
52.6548839,-6.5233181,15000.0,5.0
51.9358491,-10.099013,6900.0,3.0
52.6494437,-8.1407115,190.0,
51.9358491,-10.099013,2300.0,1.0
52.6805998,-6.5652262,15000.0,6.0
54.1166895,-8.1335483,22000.0,11.0
52.6752784,-6.5239252,4600.0,2.0
52.6544109,-8.0765177,9000.0,3.0
52.3280587,-9.5469366,9350.0,11.0
53.2744496,-7.2464305,84000.0,28.0
52.7836349,-9.2438791,12000.0,6.0
51.8169168,-8.9376958,9200.0,4.0
52.0099,-8.67626999999993,850.0,1.0
52.2680611,-9.1003845,87500.0,35.0
52.3909735,-7.1095911,9200.0,4.0
52.4433812,-9.29272,9600.0,6.0
52.7539387,-7.6854873,24000.0,12.0
52.6819611,-6.5583811,4600.0,2.0
52.6819611,-6.5583811,4600.0,2.0
54.6621394,-7.9455717,5000.0,2.0
52.9345966,-7.7310691,36000.0,15.0
52.0317493,-7.595105,4600.0,2.0
53.2865115,-9.2090902,23000.0,10.0
54.3412781,-8.1329071,6000.0,3.0
51.8270516,-8.3020167,3000.0,1.0
51.8304812,-8.3408778,3000.0,1.0
51.6318885,-9.3757524,11500.0,5.0
52.3627282,-8.415827,2300.0,1.0
52.5396682,-7.7843135,36800.0,16.0
52.7837063,-7.6760857,42000.0,14.0
52.1771889,-8.1020445,34200.0,12.0
54.8868683,-7.8792511,19500.0,15.0
52.0812693,-7.7763552,12500.0,5.0
53.2328383,-7.767032,4700.0,2.0
53.8785096,-8.5866382,4700.0,2.0
52.3671393,-9.0815014,4600.0,2.0
52.6578812,-7.506978,14100.0,6.0
52.6548839,-6.5233181,9200.0,4.0
52.0812693,-7.7763552,7500.0,3.0
54.5256805,-8.1875657,17100.0,6.0
52.2575109,-9.2725057,17500.0,7.0
54.083291,-6.860679,17100.0,6.0
53.9449402,-6.9381143,4500.0,3.0
52.3280587,-9.5469366,8000.0,4.0
52.3297032,-9.0563095,16000.0,8.0
52.0379144,-8.9149646,65000.0,26.0
52.7937911,-6.3007859,35200.0,11.0
53.72765694,-8.06472585,64000.0,20.0
52.6243543,-8.0905261,23100.0,7.0
52.6243543,-8.0905261,12500.0,5.0
52.3280587,-9.5469366,15000.0,5.0
52.3280587,-9.5469366,12000.0,6.0
53.2859592,-9.1965253,21000.0,7.0
,,130.0,1.0
52.2680611,-9.1003845,12500.0,5.0
52.6418504,-8.0606787,2500.0,1.0
53.3726394,-9.3611667,66000.0,22.0
52.7841552,-7.4338761,9200.0,4.0
,,500.0,
53.7908082,-6.534556,3000.0,1.0
54.2438605,-6.912337,16100.0,
52.6572274,-8.1405225,1000.0,
52.3700791,-9.0854716,4800.0,
52.8371748,-9.2844885,27500.0,11.0
52.6042736,-8.1667103,51750.0,15.0
52.6881154,-8.0873496,13200.0,4.0
52.8368067,-6.4682023,18000.0,6.0
52.5635988,-9.6329192,1300.0,1.0
52.3283006,-9.4752805,10200.0,3.0
52.5559289,-9.4207658,18000.0,9.0
52.8371748,-9.2844885,45000.0,18.0
53.8852081,-6.9174364,10250.0,5.0
52.4433812,-9.29272,11200.0,7.0
51.9899499,-9.0237654,13800.0,6.0
52.2905357,-8.5611639,35000.0,14.0
51.9285423,-9.3208583,14450.0,17.0
,,500.0,
52.6093877,-9.4290773,17250.0,5.0
54.7062899,-8.2748345,6900.0,
54.6621394,-7.9455717,90000.0,36.0
55.1884108,-7.4172541,6900.0,
52.2416515,-9.2864287,35850.0,12.0
52.2416515,-9.2864287,34000.0,11.0
52.2416515,-9.2864287,20000.0,11.0
52.5544367,-9.5939008,4500.0,
52.6379618,-7.4643426,9600.0,4.0
53.1680997,-7.9242496,11000.0,4.0
54.2280237,-8.1255086,10230.0,5.0
54.2280237,-8.1255086,11980.0,6.0
52.6318322,-7.5960357,2300.0,1.0
52.6475078,-7.5302821,11500.0,5.0
52.6577202,-6.5167947,4000.0,
52.6577202,-6.5167947,600.0,
51.6662858,-9.180334,24800.0,10.0
52.2950992,-8.6181685,18300.0,6.0
52.6852983,-9.4862928,13800.0,6.0
51.6318885,-9.3757524,2300.0,1.0
52.5298,-9.5204146,37050.0,13.0
52.3094546,-9.4567343,36000.0,11.0
52.1800292,-9.4014151,35500.0,12.0
53.3060627,-9.2591536,35200.0,11.0
52.4907359,-9.3334679,23100.0,7.0
53.9846231,-7.1396357,14000.0,7.0
52.3284214,-8.7005666,6400.0,2.0
51.6318885,-9.3757524,4450.0,2.0
53.9846231,-7.1396357,4000.0,2.0
52.6615206,-6.7335946,2500.0,1.0
53.9809996,-7.1420372,2000.0,1.0
52.3437913,-9.5428219,11500.0,5.0
53.4646238,-8.7921566,4600.0,2.0
55.2595226,-7.0438871,4000.0,
52.3656591,-9.085865,4400.0,
53.968937,-8.7508409,2000.0,1.0
52.426024,-8.8926402,4700.0,
53.8537832,-7.2006411,3000.0,1.0
53.7896559,-6.6128687,300.0,1.0
53.4875499,-6.190724,500.0,1.0
51.886742,-9.3235198,102400.0,32.0
54.1464768,-9.5528948,92800.0,29.0
52.1116474,-9.7799587,800.0,1.0
52.2881156,-9.53751,25000.0,11.0
52.6736836,-8.5426813,3000.0,1.0
52.7807419,-9.1985438,14100.0,6.0
54.1952261,-9.2302649,17000.0,5.0
54.705803,-8.2748146,10800.0,3.0
52.7707833,-9.3052894,34200.0,12.0
52.7774116,-9.1526588,40000.0,18.0
52.0516541,-8.8079519,23200.0,8.0
54.0575001,-6.8144199,2350.0,1.0
53.5499867,-6.1756446,800.0,1.0
54.705803,-8.2748146,3600.0,1.0
54.1952261,-9.2302649,3400.0,1.0
52.6867032,-9.2804749,25200.0,7.0
54.8845196,-7.8528909,30100.0,7.0
51.886742,-9.3235198,13800.0,6.0
54.1298201,-7.1595319,48800.0,8.0
52.1128219,-9.0725256,14400.0,4.0
52.1128219,-9.0725256,12000.0,5.0
52.1128219,-9.0725256,19800.0,6.0
,,43200.0,18.0
51.70616,-8.9951138,4000.0,2.0
,,14400.0,
